Month,year,actual income,actual expense,actual saving,Forcast income,Forcast expense,Forcast saving,Difference,Status
Jan,2020,5578,17138,-11560,0,0,0,11560,Above Forecast
Jan,2020,5578,17138,-11560,0,0,0,11560,Above Forecast
Jan,2020,5578,17138,-11560,0,0,0,11560,Above Forecast
Jan,2020,5578,17138,-11560,0,0,0,11560,Above Forecast
Jan,2020,5578,17138,-11560,0,0,0,11560,Above Forecast
Jan,2020,5578,17138,-11560,0,0,0,11560,Above Forecast
Jan,2020,5578,17138,-11560,0,0,0,11560,Above Forecast
Jan,2020,5578,17138,-11560,0,0,0,11560,Above Forecast
Jan,2020,5578,17138,-11560,0,0,0,11560,Above Forecast
Feb,2020,20070,17108,2962,0,0,0,-2962,Below Forecast
Feb,2020,20070,17108,2962,0,0,0,-2962,Below Forecast
Feb,2020,20070,17108,2962,0,0,0,-2962,Below Forecast
Feb,2020,20070,17108,2962,0,0,0,-2962,Below Forecast
Feb,2020,20070,17108,2962,0,0,0,-2962,Below Forecast
Feb,2020,20070,17108,2962,0,0,0,-2962,Below Forecast
Feb,2020,20070,17108,2962,0,0,0,-2962,Below Forecast
Feb,2020,20070,17108,2962,0,0,0,-2962,Below Forecast
Feb,2020,20070,17108,2962,0,0,0,-2962,Below Forecast
Feb,2020,20070,17108,2962,0,0,0,-2962,Below Forecast
Mar,2020,3465,13582,-10117,0,0,0,10117,Above Forecast
Mar,2020,3465,13582,-10117,0,0,0,10117,Above Forecast
Mar,2020,3465,13582,-10117,0,0,0,10117,Above Forecast
Mar,2020,3465,13582,-10117,0,0,0,10117,Above Forecast
Mar,2020,3465,13582,-10117,0,0,0,10117,Above Forecast
Mar,2020,3465,13582,-10117,0,0,0,10117,Above Forecast
Mar,2020,3465,13582,-10117,0,0,0,10117,Above Forecast
Mar,2020,3465,13582,-10117,0,0,0,10117,Above Forecast
Mar,2020,3465,13582,-10117,0,0,0,10117,Above Forecast
Apr,2020,7370,16233,-8863,0,0,0,8863,Above Forecast
Apr,2020,7370,16233,-8863,0,0,0,8863,Above Forecast
Apr,2020,7370,16233,-8863,0,0,0,8863,Above Forecast
Apr,2020,7370,16233,-8863,0,0,0,8863,Above Forecast
Apr,2020,7370,16233,-8863,0,0,0,8863,Above Forecast
Apr,2020,7370,16233,-8863,0,0,0,8863,Above Forecast
Apr,2020,7370,16233,-8863,0,0,0,8863,Above Forecast
Apr,2020,7370,16233,-8863,0,0,0,8863,Above Forecast
Apr,2020,7370,16233,-8863,0,0,0,8863,Above Forecast
May,2020,6008,16846,-10838,0,0,0,10838,Above Forecast
May,2020,6008,16846,-10838,0,0,0,10838,Above Forecast
May,2020,6008,16846,-10838,0,0,0,10838,Above Forecast
May,2020,6008,16846,-10838,0,0,0,10838,Above Forecast
May,2020,6008,16846,-10838,0,0,0,10838,Above Forecast
May,2020,6008,16846,-10838,0,0,0,10838,Above Forecast
May,2020,6008,16846,-10838,0,0,0,10838,Above Forecast
May,2020,6008,16846,-10838,0,0,0,10838,Above Forecast
Jun,2020,12346,20681,-8335,0,0,0,8335,Above Forecast
Jun,2020,12346,20681,-8335,0,0,0,8335,Above Forecast
Jun,2020,12346,20681,-8335,0,0,0,8335,Above Forecast
Jun,2020,12346,20681,-8335,0,0,0,8335,Above Forecast
Jun,2020,12346,20681,-8335,0,0,0,8335,Above Forecast
Jun,2020,12346,20681,-8335,0,0,0,8335,Above Forecast
Jun,2020,12346,20681,-8335,0,0,0,8335,Above Forecast
Jun,2020,12346,20681,-8335,0,0,0,8335,Above Forecast
Jun,2020,12346,20681,-8335,0,0,0,8335,Above Forecast
Jul,2020,6092,24026,-17934,0,0,0,17934,Above Forecast
Jul,2020,6092,24026,-17934,0,0,0,17934,Above Forecast
Jul,2020,6092,24026,-17934,0,0,0,17934,Above Forecast
Jul,2020,6092,24026,-17934,0,0,0,17934,Above Forecast
Jul,2020,6092,24026,-17934,0,0,0,17934,Above Forecast
Jul,2020,6092,24026,-17934,0,0,0,17934,Above Forecast
Jul,2020,6092,24026,-17934,0,0,0,17934,Above Forecast
Jul,2020,6092,24026,-17934,0,0,0,17934,Above Forecast
Jul,2020,6092,24026,-17934,0,0,0,17934,Above Forecast
Aug,2020,14941,31387,-16446,0,0,0,16446,Above Forecast
Aug,2020,14941,31387,-16446,0,0,0,16446,Above Forecast
Aug,2020,14941,31387,-16446,0,0,0,16446,Above Forecast
Aug,2020,14941,31387,-16446,0,0,0,16446,Above Forecast
Aug,2020,14941,31387,-16446,0,0,0,16446,Above Forecast
Aug,2020,14941,31387,-16446,0,0,0,16446,Above Forecast
Aug,2020,14941,31387,-16446,0,0,0,16446,Above Forecast
Aug,2020,14941,31387,-16446,0,0,0,16446,Above Forecast
Aug,2020,14941,31387,-16446,0,0,0,16446,Above Forecast
Aug,2020,14941,31387,-16446,0,0,0,16446,Above Forecast
Sep,2020,1385,21515,-20130,0,0,0,20130,Above Forecast
Sep,2020,1385,21515,-20130,0,0,0,20130,Above Forecast
Sep,2020,1385,21515,-20130,0,0,0,20130,Above Forecast
Sep,2020,1385,21515,-20130,0,0,0,20130,Above Forecast
Sep,2020,1385,21515,-20130,0,0,0,20130,Above Forecast
Sep,2020,1385,21515,-20130,0,0,0,20130,Above Forecast
Sep,2020,1385,21515,-20130,0,0,0,20130,Above Forecast
Sep,2020,1385,21515,-20130,0,0,0,20130,Above Forecast
Sep,2020,1385,21515,-20130,0,0,0,20130,Above Forecast
Oct,2020,12897,22163,-9266,0,0,0,9266,Above Forecast
Oct,2020,12897,22163,-9266,0,0,0,9266,Above Forecast
Oct,2020,12897,22163,-9266,0,0,0,9266,Above Forecast
Oct,2020,12897,22163,-9266,0,0,0,9266,Above Forecast
Oct,2020,12897,22163,-9266,0,0,0,9266,Above Forecast
Oct,2020,12897,22163,-9266,0,0,0,9266,Above Forecast
Oct,2020,12897,22163,-9266,0,0,0,9266,Above Forecast
Oct,2020,12897,22163,-9266,0,0,0,9266,Above Forecast
Oct,2020,12897,22163,-9266,0,0,0,9266,Above Forecast
Nov,2020,8369,26735,-18366,0,0,0,18366,Above Forecast
Nov,2020,8369,26735,-18366,0,0,0,18366,Above Forecast
Nov,2020,8369,26735,-18366,0,0,0,18366,Above Forecast
Nov,2020,8369,26735,-18366,0,0,0,18366,Above Forecast
Nov,2020,8369,26735,-18366,0,0,0,18366,Above Forecast
Nov,2020,8369,26735,-18366,0,0,0,18366,Above Forecast
Nov,2020,8369,26735,-18366,0,0,0,18366,Above Forecast
Nov,2020,8369,26735,-18366,0,0,0,18366,Above Forecast
Nov,2020,8369,26735,-18366,0,0,0,18366,Above Forecast
Nov,2020,8369,26735,-18366,0,0,0,18366,Above Forecast
Dec,2020,3745,28358,-24613,0,0,0,24613,Above Forecast
Dec,2020,3745,28358,-24613,0,0,0,24613,Above Forecast
Dec,2020,3745,28358,-24613,0,0,0,24613,Above Forecast
Dec,2020,3745,28358,-24613,0,0,0,24613,Above Forecast
Dec,2020,3745,28358,-24613,0,0,0,24613,Above Forecast
Dec,2020,3745,28358,-24613,0,0,0,24613,Above Forecast
Dec,2020,3745,28358,-24613,0,0,0,24613,Above Forecast
Dec,2020,3745,28358,-24613,0,0,0,24613,Above Forecast
Dec,2020,3745,28358,-24613,0,0,0,24613,Above Forecast
Jan,2021,13564,15817,-2253,5578,17138.25,-11560.25,-9307,Below Forecast
Jan,2021,13564,15817,-2253,5578,17138.25,-11560.25,-9307,Below Forecast
Jan,2021,13564,15817,-2253,5578,17138.25,-11560.25,-9307,Below Forecast
Jan,2021,13564,15817,-2253,5578,17138.25,-11560.25,-9307,Below Forecast
Jan,2021,13564,15817,-2253,5578,17138.25,-11560.25,-9307,Below Forecast
Jan,2021,13564,15817,-2253,5578,17138.25,-11560.25,-9307,Below Forecast
Jan,2021,13564,15817,-2253,5578,17138.25,-11560.25,-9307,Below Forecast
Jan,2021,13564,15817,-2253,5578,17138.25,-11560.25,-9307,Below Forecast
Feb,2021,804,19925,-19121,20070,17108.41,2961.59,22083,Above Forecast
Feb,2021,804,19925,-19121,20070,17108.41,2961.59,22083,Above Forecast
Feb,2021,804,19925,-19121,20070,17108.41,2961.59,22083,Above Forecast
Feb,2021,804,19925,-19121,20070,17108.41,2961.59,22083,Above Forecast
Feb,2021,804,19925,-19121,20070,17108.41,2961.59,22083,Above Forecast
Feb,2021,804,19925,-19121,20070,17108.41,2961.59,22083,Above Forecast
Feb,2021,804,19925,-19121,20070,17108.41,2961.59,22083,Above Forecast
Feb,2021,804,19925,-19121,20070,17108.41,2961.59,22083,Above Forecast
Mar,2021,30466,26223,4243,3465,13581.81,-10116.81,-14360,Below Forecast
Mar,2021,30466,26223,4243,3465,13581.81,-10116.81,-14360,Below Forecast
Mar,2021,30466,26223,4243,3465,13581.81,-10116.81,-14360,Below Forecast
Mar,2021,30466,26223,4243,3465,13581.81,-10116.81,-14360,Below Forecast
Mar,2021,30466,26223,4243,3465,13581.81,-10116.81,-14360,Below Forecast
Mar,2021,30466,26223,4243,3465,13581.81,-10116.81,-14360,Below Forecast
Mar,2021,30466,26223,4243,3465,13581.81,-10116.81,-14360,Below Forecast
Mar,2021,30466,26223,4243,3465,13581.81,-10116.81,-14360,Below Forecast
Mar,2021,30466,26223,4243,3465,13581.81,-10116.81,-14360,Below Forecast
Mar,2021,30466,26223,4243,3465,13581.81,-10116.81,-14360,Below Forecast
Apr,2021,1168,23098,-21930,7370,16233.05,-8863.05,13067,Above Forecast
Apr,2021,1168,23098,-21930,7370,16233.05,-8863.05,13067,Above Forecast
Apr,2021,1168,23098,-21930,7370,16233.05,-8863.05,13067,Above Forecast
Apr,2021,1168,23098,-21930,7370,16233.05,-8863.05,13067,Above Forecast
Apr,2021,1168,23098,-21930,7370,16233.05,-8863.05,13067,Above Forecast
Apr,2021,1168,23098,-21930,7370,16233.05,-8863.05,13067,Above Forecast
Apr,2021,1168,23098,-21930,7370,16233.05,-8863.05,13067,Above Forecast
Apr,2021,1168,23098,-21930,7370,16233.05,-8863.05,13067,Above Forecast
Apr,2021,1168,23098,-21930,7370,16233.05,-8863.05,13067,Above Forecast
May,2021,5283,23781,-18498,6008,16846.13,-10838.13,7660,Above Forecast
May,2021,5283,23781,-18498,6008,16846.13,-10838.13,7660,Above Forecast
May,2021,5283,23781,-18498,6008,16846.13,-10838.13,7660,Above Forecast
May,2021,5283,23781,-18498,6008,16846.13,-10838.13,7660,Above Forecast
May,2021,5283,23781,-18498,6008,16846.13,-10838.13,7660,Above Forecast
May,2021,5283,23781,-18498,6008,16846.13,-10838.13,7660,Above Forecast
May,2021,5283,23781,-18498,6008,16846.13,-10838.13,7660,Above Forecast
May,2021,5283,23781,-18498,6008,16846.13,-10838.13,7660,Above Forecast
May,2021,5283,23781,-18498,6008,16846.13,-10838.13,7660,Above Forecast
Jun,2021,5599,22138,-16539,12346,20680.72,-8334.72,8204,Above Forecast
Jun,2021,5599,22138,-16539,12346,20680.72,-8334.72,8204,Above Forecast
Jun,2021,5599,22138,-16539,12346,20680.72,-8334.72,8204,Above Forecast
Jun,2021,5599,22138,-16539,12346,20680.72,-8334.72,8204,Above Forecast
Jun,2021,5599,22138,-16539,12346,20680.72,-8334.72,8204,Above Forecast
Jun,2021,5599,22138,-16539,12346,20680.72,-8334.72,8204,Above Forecast
Jun,2021,5599,22138,-16539,12346,20680.72,-8334.72,8204,Above Forecast
Jun,2021,5599,22138,-16539,12346,20680.72,-8334.72,8204,Above Forecast
Jul,2021,12726,19122,-6396,6092,24026.27,-17934.27,-11538,Below Forecast
Jul,2021,12726,19122,-6396,6092,24026.27,-17934.27,-11538,Below Forecast
Jul,2021,12726,19122,-6396,6092,24026.27,-17934.27,-11538,Below Forecast
Jul,2021,12726,19122,-6396,6092,24026.27,-17934.27,-11538,Below Forecast
Jul,2021,12726,19122,-6396,6092,24026.27,-17934.27,-11538,Below Forecast
Jul,2021,12726,19122,-6396,6092,24026.27,-17934.27,-11538,Below Forecast
Jul,2021,12726,19122,-6396,6092,24026.27,-17934.27,-11538,Below Forecast
Jul,2021,12726,19122,-6396,6092,24026.27,-17934.27,-11538,Below Forecast
Aug,2021,7445,14574,-7129,14941,31386.8,-16445.8,-9317,Below Forecast
Aug,2021,7445,14574,-7129,14941,31386.8,-16445.8,-9317,Below Forecast
Aug,2021,7445,14574,-7129,14941,31386.8,-16445.8,-9317,Below Forecast
Aug,2021,7445,14574,-7129,14941,31386.8,-16445.8,-9317,Below Forecast
Aug,2021,7445,14574,-7129,14941,31386.8,-16445.8,-9317,Below Forecast
Aug,2021,7445,14574,-7129,14941,31386.8,-16445.8,-9317,Below Forecast
Aug,2021,7445,14574,-7129,14941,31386.8,-16445.8,-9317,Below Forecast
Aug,2021,7445,14574,-7129,14941,31386.8,-16445.8,-9317,Below Forecast
Aug,2021,7445,14574,-7129,14941,31386.8,-16445.8,-9317,Below Forecast
Sep,2021,16445,17085,-640,1385,21515.15,-20130.15,-19490,Below Forecast
Sep,2021,16445,17085,-640,1385,21515.15,-20130.15,-19490,Below Forecast
Sep,2021,16445,17085,-640,1385,21515.15,-20130.15,-19490,Below Forecast
Sep,2021,16445,17085,-640,1385,21515.15,-20130.15,-19490,Below Forecast
Sep,2021,16445,17085,-640,1385,21515.15,-20130.15,-19490,Below Forecast
Sep,2021,16445,17085,-640,1385,21515.15,-20130.15,-19490,Below Forecast
Sep,2021,16445,17085,-640,1385,21515.15,-20130.15,-19490,Below Forecast
Sep,2021,16445,17085,-640,1385,21515.15,-20130.15,-19490,Below Forecast
Sep,2021,16445,17085,-640,1385,21515.15,-20130.15,-19490,Below Forecast
Oct,2021,13511,12560,951,12897,22162.99,-9265.99,-10217,Below Forecast
Oct,2021,13511,12560,951,12897,22162.99,-9265.99,-10217,Below Forecast
Oct,2021,13511,12560,951,12897,22162.99,-9265.99,-10217,Below Forecast
Oct,2021,13511,12560,951,12897,22162.99,-9265.99,-10217,Below Forecast
Oct,2021,13511,12560,951,12897,22162.99,-9265.99,-10217,Below Forecast
Oct,2021,13511,12560,951,12897,22162.99,-9265.99,-10217,Below Forecast
Oct,2021,13511,12560,951,12897,22162.99,-9265.99,-10217,Below Forecast
Oct,2021,13511,12560,951,12897,22162.99,-9265.99,-10217,Below Forecast
Nov,2021,12905,14325,-1420,8369,26735.16,-18366.16,-16946,Below Forecast
Nov,2021,12905,14325,-1420,8369,26735.16,-18366.16,-16946,Below Forecast
Nov,2021,12905,14325,-1420,8369,26735.16,-18366.16,-16946,Below Forecast
Nov,2021,12905,14325,-1420,8369,26735.16,-18366.16,-16946,Below Forecast
Nov,2021,12905,14325,-1420,8369,26735.16,-18366.16,-16946,Below Forecast
Nov,2021,12905,14325,-1420,8369,26735.16,-18366.16,-16946,Below Forecast
Nov,2021,12905,14325,-1420,8369,26735.16,-18366.16,-16946,Below Forecast
Nov,2021,12905,14325,-1420,8369,26735.16,-18366.16,-16946,Below Forecast
Nov,2021,12905,14325,-1420,8369,26735.16,-18366.16,-16946,Below Forecast
Nov,2021,12905,14325,-1420,8369,26735.16,-18366.16,-16946,Below Forecast
Dec,2021,30482,9997,20485,3745,28358.12,-24613.12,-45098,Below Forecast
Dec,2021,30482,9997,20485,3745,28358.12,-24613.12,-45098,Below Forecast
Dec,2021,30482,9997,20485,3745,28358.12,-24613.12,-45098,Below Forecast
Dec,2021,30482,9997,20485,3745,28358.12,-24613.12,-45098,Below Forecast
Dec,2021,30482,9997,20485,3745,28358.12,-24613.12,-45098,Below Forecast
Dec,2021,30482,9997,20485,3745,28358.12,-24613.12,-45098,Below Forecast
Dec,2021,30482,9997,20485,3745,28358.12,-24613.12,-45098,Below Forecast
Dec,2021,30482,9997,20485,3745,28358.12,-24613.12,-45098,Below Forecast
Jan,2022,10946,20833,-9887,13564,15817.11,-2253.11,7634,Above Forecast
Jan,2022,10946,20833,-9887,13564,15817.11,-2253.11,7634,Above Forecast
Jan,2022,10946,20833,-9887,13564,15817.11,-2253.11,7634,Above Forecast
Jan,2022,10946,20833,-9887,13564,15817.11,-2253.11,7634,Above Forecast
Jan,2022,10946,20833,-9887,13564,15817.11,-2253.11,7634,Above Forecast
Jan,2022,10946,20833,-9887,13564,15817.11,-2253.11,7634,Above Forecast
Jan,2022,10946,20833,-9887,13564,15817.11,-2253.11,7634,Above Forecast
Jan,2022,10946,20833,-9887,13564,15817.11,-2253.11,7634,Above Forecast
Jan,2022,10946,20833,-9887,13564,15817.11,-2253.11,7634,Above Forecast
Feb,2022,19899,20043,-144,804,19925.23,-19121.23,-18978,Below Forecast
Feb,2022,19899,20043,-144,804,19925.23,-19121.23,-18978,Below Forecast
Feb,2022,19899,20043,-144,804,19925.23,-19121.23,-18978,Below Forecast
Feb,2022,19899,20043,-144,804,19925.23,-19121.23,-18978,Below Forecast
Feb,2022,19899,20043,-144,804,19925.23,-19121.23,-18978,Below Forecast
Feb,2022,19899,20043,-144,804,19925.23,-19121.23,-18978,Below Forecast
Feb,2022,19899,20043,-144,804,19925.23,-19121.23,-18978,Below Forecast
Feb,2022,19899,20043,-144,804,19925.23,-19121.23,-18978,Below Forecast
Feb,2022,19899,20043,-144,804,19925.23,-19121.23,-18978,Below Forecast
Feb,2022,19899,20043,-144,804,19925.23,-19121.23,-18978,Below Forecast
Mar,2022,20747,27736,-6989,30466,26223.24,4242.76,11232,Above Forecast
Mar,2022,20747,27736,-6989,30466,26223.24,4242.76,11232,Above Forecast
Mar,2022,20747,27736,-6989,30466,26223.24,4242.76,11232,Above Forecast
Mar,2022,20747,27736,-6989,30466,26223.24,4242.76,11232,Above Forecast
Mar,2022,20747,27736,-6989,30466,26223.24,4242.76,11232,Above Forecast
Mar,2022,20747,27736,-6989,30466,26223.24,4242.76,11232,Above Forecast
Mar,2022,20747,27736,-6989,30466,26223.24,4242.76,11232,Above Forecast
Mar,2022,20747,27736,-6989,30466,26223.24,4242.76,11232,Above Forecast
Mar,2022,20747,27736,-6989,30466,26223.24,4242.76,11232,Above Forecast
Mar,2022,20747,27736,-6989,30466,26223.24,4242.76,11232,Above Forecast
Apr,2022,10218,21445,-11227,1168,23097.71,-21929.71,-10703,Below Forecast
Apr,2022,10218,21445,-11227,1168,23097.71,-21929.71,-10703,Below Forecast
Apr,2022,10218,21445,-11227,1168,23097.71,-21929.71,-10703,Below Forecast
Apr,2022,10218,21445,-11227,1168,23097.71,-21929.71,-10703,Below Forecast
Apr,2022,10218,21445,-11227,1168,23097.71,-21929.71,-10703,Below Forecast
Apr,2022,10218,21445,-11227,1168,23097.71,-21929.71,-10703,Below Forecast
Apr,2022,10218,21445,-11227,1168,23097.71,-21929.71,-10703,Below Forecast
Apr,2022,10218,21445,-11227,1168,23097.71,-21929.71,-10703,Below Forecast
May,2022,12317,31344,-19027,5283,23780.78,-18497.78,529,Above Forecast
May,2022,12317,31344,-19027,5283,23780.78,-18497.78,529,Above Forecast
May,2022,12317,31344,-19027,5283,23780.78,-18497.78,529,Above Forecast
May,2022,12317,31344,-19027,5283,23780.78,-18497.78,529,Above Forecast
May,2022,12317,31344,-19027,5283,23780.78,-18497.78,529,Above Forecast
May,2022,12317,31344,-19027,5283,23780.78,-18497.78,529,Above Forecast
May,2022,12317,31344,-19027,5283,23780.78,-18497.78,529,Above Forecast
May,2022,12317,31344,-19027,5283,23780.78,-18497.78,529,Above Forecast
May,2022,12317,31344,-19027,5283,23780.78,-18497.78,529,Above Forecast
May,2022,12317,31344,-19027,5283,23780.78,-18497.78,529,Above Forecast
Jun,2022,11304,25558,-14254,5599,22137.63,-16538.63,-2285,Below Forecast
Jun,2022,11304,25558,-14254,5599,22137.63,-16538.63,-2285,Below Forecast
Jun,2022,11304,25558,-14254,5599,22137.63,-16538.63,-2285,Below Forecast
Jun,2022,11304,25558,-14254,5599,22137.63,-16538.63,-2285,Below Forecast
Jun,2022,11304,25558,-14254,5599,22137.63,-16538.63,-2285,Below Forecast
Jun,2022,11304,25558,-14254,5599,22137.63,-16538.63,-2285,Below Forecast
Jun,2022,11304,25558,-14254,5599,22137.63,-16538.63,-2285,Below Forecast
Jun,2022,11304,25558,-14254,5599,22137.63,-16538.63,-2285,Below Forecast
Jun,2022,11304,25558,-14254,5599,22137.63,-16538.63,-2285,Below Forecast
Jul,2022,11355,19191,-7836,12726,19122.37,-6396.37,1439,Above Forecast
Jul,2022,11355,19191,-7836,12726,19122.37,-6396.37,1439,Above Forecast
Jul,2022,11355,19191,-7836,12726,19122.37,-6396.37,1439,Above Forecast
Jul,2022,11355,19191,-7836,12726,19122.37,-6396.37,1439,Above Forecast
Jul,2022,11355,19191,-7836,12726,19122.37,-6396.37,1439,Above Forecast
Jul,2022,11355,19191,-7836,12726,19122.37,-6396.37,1439,Above Forecast
Jul,2022,11355,19191,-7836,12726,19122.37,-6396.37,1439,Above Forecast
Jul,2022,11355,19191,-7836,12726,19122.37,-6396.37,1439,Above Forecast
Jul,2022,11355,19191,-7836,12726,19122.37,-6396.37,1439,Above Forecast
Jul,2022,11355,19191,-7836,12726,19122.37,-6396.37,1439,Above Forecast
Aug,2022,14408,24246,-9838,7445,14574.03,-7129.03,2709,Above Forecast
Aug,2022,14408,24246,-9838,7445,14574.03,-7129.03,2709,Above Forecast
Aug,2022,14408,24246,-9838,7445,14574.03,-7129.03,2709,Above Forecast
Aug,2022,14408,24246,-9838,7445,14574.03,-7129.03,2709,Above Forecast
Aug,2022,14408,24246,-9838,7445,14574.03,-7129.03,2709,Above Forecast
Aug,2022,14408,24246,-9838,7445,14574.03,-7129.03,2709,Above Forecast
Aug,2022,14408,24246,-9838,7445,14574.03,-7129.03,2709,Above Forecast
Aug,2022,14408,24246,-9838,7445,14574.03,-7129.03,2709,Above Forecast
Aug,2022,14408,24246,-9838,7445,14574.03,-7129.03,2709,Above Forecast
Sep,2022,20023,18902,1121,16445,17084.76,-639.76,-1761,Below Forecast
Sep,2022,20023,18902,1121,16445,17084.76,-639.76,-1761,Below Forecast
Sep,2022,20023,18902,1121,16445,17084.76,-639.76,-1761,Below Forecast
Sep,2022,20023,18902,1121,16445,17084.76,-639.76,-1761,Below Forecast
Sep,2022,20023,18902,1121,16445,17084.76,-639.76,-1761,Below Forecast
Sep,2022,20023,18902,1121,16445,17084.76,-639.76,-1761,Below Forecast
Sep,2022,20023,18902,1121,16445,17084.76,-639.76,-1761,Below Forecast
Sep,2022,20023,18902,1121,16445,17084.76,-639.76,-1761,Below Forecast
Sep,2022,20023,18902,1121,16445,17084.76,-639.76,-1761,Below Forecast
Sep,2022,20023,18902,1121,16445,17084.76,-639.76,-1761,Below Forecast
Oct,2022,7195,16412,-9217,13511,12559.57,951.43,10169,Above Forecast
Oct,2022,7195,16412,-9217,13511,12559.57,951.43,10169,Above Forecast
Oct,2022,7195,16412,-9217,13511,12559.57,951.43,10169,Above Forecast
Oct,2022,7195,16412,-9217,13511,12559.57,951.43,10169,Above Forecast
Oct,2022,7195,16412,-9217,13511,12559.57,951.43,10169,Above Forecast
Oct,2022,7195,16412,-9217,13511,12559.57,951.43,10169,Above Forecast
Oct,2022,7195,16412,-9217,13511,12559.57,951.43,10169,Above Forecast
Oct,2022,7195,16412,-9217,13511,12559.57,951.43,10169,Above Forecast
Oct,2022,7195,16412,-9217,13511,12559.57,951.43,10169,Above Forecast
Nov,2022,5295,19551,-14256,12905,14325.37,-1420.37,12835,Above Forecast
Nov,2022,5295,19551,-14256,12905,14325.37,-1420.37,12835,Above Forecast
Nov,2022,5295,19551,-14256,12905,14325.37,-1420.37,12835,Above Forecast
Nov,2022,5295,19551,-14256,12905,14325.37,-1420.37,12835,Above Forecast
Nov,2022,5295,19551,-14256,12905,14325.37,-1420.37,12835,Above Forecast
Nov,2022,5295,19551,-14256,12905,14325.37,-1420.37,12835,Above Forecast
Nov,2022,5295,19551,-14256,12905,14325.37,-1420.37,12835,Above Forecast
Nov,2022,5295,19551,-14256,12905,14325.37,-1420.37,12835,Above Forecast
Nov,2022,5295,19551,-14256,12905,14325.37,-1420.37,12835,Above Forecast
Nov,2022,5295,19551,-14256,12905,14325.37,-1420.37,12835,Above Forecast
Dec,2022,4019,11516,-7497,30482,9996.66,20485.34,27983,Above Forecast
Dec,2022,4019,11516,-7497,30482,9996.66,20485.34,27983,Above Forecast
Dec,2022,4019,11516,-7497,30482,9996.66,20485.34,27983,Above Forecast
Dec,2022,4019,11516,-7497,30482,9996.66,20485.34,27983,Above Forecast
Dec,2022,4019,11516,-7497,30482,9996.66,20485.34,27983,Above Forecast
Dec,2022,4019,11516,-7497,30482,9996.66,20485.34,27983,Above Forecast
Dec,2022,4019,11516,-7497,30482,9996.66,20485.34,27983,Above Forecast
Jan,2023,25952,28715,-2763,10946,20832.61,-9886.61,-7124,Below Forecast
Jan,2023,25952,28715,-2763,10946,20832.61,-9886.61,-7124,Below Forecast
Jan,2023,25952,28715,-2763,10946,20832.61,-9886.61,-7124,Below Forecast
Jan,2023,25952,28715,-2763,10946,20832.61,-9886.61,-7124,Below Forecast
Jan,2023,25952,28715,-2763,10946,20832.61,-9886.61,-7124,Below Forecast
Jan,2023,25952,28715,-2763,10946,20832.61,-9886.61,-7124,Below Forecast
Jan,2023,25952,28715,-2763,10946,20832.61,-9886.61,-7124,Below Forecast
Jan,2023,25952,28715,-2763,10946,20832.61,-9886.61,-7124,Below Forecast
Jan,2023,25952,28715,-2763,10946,20832.61,-9886.61,-7124,Below Forecast
Jan,2023,25952,28715,-2763,10946,20832.61,-9886.61,-7124,Below Forecast
Feb,2023,17267,16870,397,19899,20042.69,-143.69,-541,Below Forecast
Feb,2023,17267,16870,397,19899,20042.69,-143.69,-541,Below Forecast
Feb,2023,17267,16870,397,19899,20042.69,-143.69,-541,Below Forecast
Feb,2023,17267,16870,397,19899,20042.69,-143.69,-541,Below Forecast
Feb,2023,17267,16870,397,19899,20042.69,-143.69,-541,Below Forecast
Feb,2023,17267,16870,397,19899,20042.69,-143.69,-541,Below Forecast
Feb,2023,17267,16870,397,19899,20042.69,-143.69,-541,Below Forecast
Feb,2023,17267,16870,397,19899,20042.69,-143.69,-541,Below Forecast
Feb,2023,17267,16870,397,19899,20042.69,-143.69,-541,Below Forecast
Mar,2023,26117,16721,9396,20747,27736.19,-6989.19,-16385,Below Forecast
Mar,2023,26117,16721,9396,20747,27736.19,-6989.19,-16385,Below Forecast
Mar,2023,26117,16721,9396,20747,27736.19,-6989.19,-16385,Below Forecast
Mar,2023,26117,16721,9396,20747,27736.19,-6989.19,-16385,Below Forecast
Mar,2023,26117,16721,9396,20747,27736.19,-6989.19,-16385,Below Forecast
Mar,2023,26117,16721,9396,20747,27736.19,-6989.19,-16385,Below Forecast
Mar,2023,26117,16721,9396,20747,27736.19,-6989.19,-16385,Below Forecast
Mar,2023,26117,16721,9396,20747,27736.19,-6989.19,-16385,Below Forecast
Mar,2023,26117,16721,9396,20747,27736.19,-6989.19,-16385,Below Forecast
Mar,2023,26117,16721,9396,20747,27736.19,-6989.19,-16385,Below Forecast
Apr,2023,4306,16727,-12421,10218,21445.01,-11227.01,1194,Above Forecast
Apr,2023,4306,16727,-12421,10218,21445.01,-11227.01,1194,Above Forecast
Apr,2023,4306,16727,-12421,10218,21445.01,-11227.01,1194,Above Forecast
Apr,2023,4306,16727,-12421,10218,21445.01,-11227.01,1194,Above Forecast
Apr,2023,4306,16727,-12421,10218,21445.01,-11227.01,1194,Above Forecast
Apr,2023,4306,16727,-12421,10218,21445.01,-11227.01,1194,Above Forecast
Apr,2023,4306,16727,-12421,10218,21445.01,-11227.01,1194,Above Forecast
Apr,2023,4306,16727,-12421,10218,21445.01,-11227.01,1194,Above Forecast
Apr,2023,4306,16727,-12421,10218,21445.01,-11227.01,1194,Above Forecast
May,2023,20322,18022,2300,12317,31344.05,-19027.05,-21327,Below Forecast
May,2023,20322,18022,2300,12317,31344.05,-19027.05,-21327,Below Forecast
May,2023,20322,18022,2300,12317,31344.05,-19027.05,-21327,Below Forecast
May,2023,20322,18022,2300,12317,31344.05,-19027.05,-21327,Below Forecast
May,2023,20322,18022,2300,12317,31344.05,-19027.05,-21327,Below Forecast
May,2023,20322,18022,2300,12317,31344.05,-19027.05,-21327,Below Forecast
May,2023,20322,18022,2300,12317,31344.05,-19027.05,-21327,Below Forecast
May,2023,20322,18022,2300,12317,31344.05,-19027.05,-21327,Below Forecast
May,2023,20322,18022,2300,12317,31344.05,-19027.05,-21327,Below Forecast
Jun,2023,7871,20071,-12200,11304,25557.78,-14253.78,-2054,Below Forecast
Jun,2023,7871,20071,-12200,11304,25557.78,-14253.78,-2054,Below Forecast
Jun,2023,7871,20071,-12200,11304,25557.78,-14253.78,-2054,Below Forecast
Jun,2023,7871,20071,-12200,11304,25557.78,-14253.78,-2054,Below Forecast
Jun,2023,7871,20071,-12200,11304,25557.78,-14253.78,-2054,Below Forecast
Jun,2023,7871,20071,-12200,11304,25557.78,-14253.78,-2054,Below Forecast
Jun,2023,7871,20071,-12200,11304,25557.78,-14253.78,-2054,Below Forecast
Jun,2023,7871,20071,-12200,11304,25557.78,-14253.78,-2054,Below Forecast
Jul,2023,8101,26123,-18022,11355,19190.82,-7835.82,10186,Above Forecast
Jul,2023,8101,26123,-18022,11355,19190.82,-7835.82,10186,Above Forecast
Jul,2023,8101,26123,-18022,11355,19190.82,-7835.82,10186,Above Forecast
Jul,2023,8101,26123,-18022,11355,19190.82,-7835.82,10186,Above Forecast
Jul,2023,8101,26123,-18022,11355,19190.82,-7835.82,10186,Above Forecast
Jul,2023,8101,26123,-18022,11355,19190.82,-7835.82,10186,Above Forecast
Jul,2023,8101,26123,-18022,11355,19190.82,-7835.82,10186,Above Forecast
Jul,2023,8101,26123,-18022,11355,19190.82,-7835.82,10186,Above Forecast
Jul,2023,8101,26123,-18022,11355,19190.82,-7835.82,10186,Above Forecast
Jul,2023,8101,26123,-18022,11355,19190.82,-7835.82,10186,Above Forecast
Aug,2023,8178,17373,-9195,14408,24246,-9838,-643,Below Forecast
Aug,2023,8178,17373,-9195,14408,24246,-9838,-643,Below Forecast
Aug,2023,8178,17373,-9195,14408,24246,-9838,-643,Below Forecast
Aug,2023,8178,17373,-9195,14408,24246,-9838,-643,Below Forecast
Aug,2023,8178,17373,-9195,14408,24246,-9838,-643,Below Forecast
Aug,2023,8178,17373,-9195,14408,24246,-9838,-643,Below Forecast
Aug,2023,8178,17373,-9195,14408,24246,-9838,-643,Below Forecast
Aug,2023,8178,17373,-9195,14408,24246,-9838,-643,Below Forecast
Aug,2023,8178,17373,-9195,14408,24246,-9838,-643,Below Forecast
Sep,2023,7926,25850,-17924,20023,18901.86,1121.14,19045,Above Forecast
Sep,2023,7926,25850,-17924,20023,18901.86,1121.14,19045,Above Forecast
Sep,2023,7926,25850,-17924,20023,18901.86,1121.14,19045,Above Forecast
Sep,2023,7926,25850,-17924,20023,18901.86,1121.14,19045,Above Forecast
Sep,2023,7926,25850,-17924,20023,18901.86,1121.14,19045,Above Forecast
Sep,2023,7926,25850,-17924,20023,18901.86,1121.14,19045,Above Forecast
Sep,2023,7926,25850,-17924,20023,18901.86,1121.14,19045,Above Forecast
Sep,2023,7926,25850,-17924,20023,18901.86,1121.14,19045,Above Forecast
Sep,2023,7926,25850,-17924,20023,18901.86,1121.14,19045,Above Forecast
Sep,2023,7926,25850,-17924,20023,18901.86,1121.14,19045,Above Forecast
Oct,2023,16717,14541,2176,7195,16412.3,-9217.3,-11393,Below Forecast
Oct,2023,16717,14541,2176,7195,16412.3,-9217.3,-11393,Below Forecast
Oct,2023,16717,14541,2176,7195,16412.3,-9217.3,-11393,Below Forecast
Oct,2023,16717,14541,2176,7195,16412.3,-9217.3,-11393,Below Forecast
Oct,2023,16717,14541,2176,7195,16412.3,-9217.3,-11393,Below Forecast
Oct,2023,16717,14541,2176,7195,16412.3,-9217.3,-11393,Below Forecast
Oct,2023,16717,14541,2176,7195,16412.3,-9217.3,-11393,Below Forecast
Oct,2023,16717,14541,2176,7195,16412.3,-9217.3,-11393,Below Forecast
Oct,2023,16717,14541,2176,7195,16412.3,-9217.3,-11393,Below Forecast
Oct,2023,16717,14541,2176,7195,16412.3,-9217.3,-11393,Below Forecast
Nov,2023,14240,22833,-8593,5295,19550.74,-14255.74,-5663,Below Forecast
Nov,2023,14240,22833,-8593,5295,19550.74,-14255.74,-5663,Below Forecast
Nov,2023,14240,22833,-8593,5295,19550.74,-14255.74,-5663,Below Forecast
Nov,2023,14240,22833,-8593,5295,19550.74,-14255.74,-5663,Below Forecast
Nov,2023,14240,22833,-8593,5295,19550.74,-14255.74,-5663,Below Forecast
Nov,2023,14240,22833,-8593,5295,19550.74,-14255.74,-5663,Below Forecast
Nov,2023,14240,22833,-8593,5295,19550.74,-14255.74,-5663,Below Forecast
Nov,2023,14240,22833,-8593,5295,19550.74,-14255.74,-5663,Below Forecast
Nov,2023,14240,22833,-8593,5295,19550.74,-14255.74,-5663,Below Forecast
Nov,2023,14240,22833,-8593,5295,19550.74,-14255.74,-5663,Below Forecast
Dec,2023,3601,20654,-17053,4019,11516.3,-7497.3,9556,Above Forecast
Dec,2023,3601,20654,-17053,4019,11516.3,-7497.3,9556,Above Forecast
Dec,2023,3601,20654,-17053,4019,11516.3,-7497.3,9556,Above Forecast
Dec,2023,3601,20654,-17053,4019,11516.3,-7497.3,9556,Above Forecast
Dec,2023,3601,20654,-17053,4019,11516.3,-7497.3,9556,Above Forecast
Dec,2023,3601,20654,-17053,4019,11516.3,-7497.3,9556,Above Forecast
Dec,2023,3601,20654,-17053,4019,11516.3,-7497.3,9556,Above Forecast
Dec,2023,3601,20654,-17053,4019,11516.3,-7497.3,9556,Above Forecast
Jan,2024,22974,29916,-6942,25952,28714.75,-2762.75,4179,Above Forecast
Jan,2024,22974,29916,-6942,25952,28714.75,-2762.75,4179,Above Forecast
Jan,2024,22974,29916,-6942,25952,28714.75,-2762.75,4179,Above Forecast
Jan,2024,22974,29916,-6942,25952,28714.75,-2762.75,4179,Above Forecast
Jan,2024,22974,29916,-6942,25952,28714.75,-2762.75,4179,Above Forecast
Jan,2024,22974,29916,-6942,25952,28714.75,-2762.75,4179,Above Forecast
Jan,2024,22974,29916,-6942,25952,28714.75,-2762.75,4179,Above Forecast
Jan,2024,22974,29916,-6942,25952,28714.75,-2762.75,4179,Above Forecast
Jan,2024,22974,29916,-6942,25952,28714.75,-2762.75,4179,Above Forecast
Jan,2024,22974,29916,-6942,25952,28714.75,-2762.75,4179,Above Forecast
Feb,2024,12637,23807,-11170,17267,16870.03,396.97,11567,Above Forecast
Feb,2024,12637,23807,-11170,17267,16870.03,396.97,11567,Above Forecast
Feb,2024,12637,23807,-11170,17267,16870.03,396.97,11567,Above Forecast
Feb,2024,12637,23807,-11170,17267,16870.03,396.97,11567,Above Forecast
Feb,2024,12637,23807,-11170,17267,16870.03,396.97,11567,Above Forecast
Feb,2024,12637,23807,-11170,17267,16870.03,396.97,11567,Above Forecast
Feb,2024,12637,23807,-11170,17267,16870.03,396.97,11567,Above Forecast
Feb,2024,12637,23807,-11170,17267,16870.03,396.97,11567,Above Forecast
Feb,2024,12637,23807,-11170,17267,16870.03,396.97,11567,Above Forecast
Mar,2024,6840,16436,-9596,26117,16720.78,9396.22,18993,Above Forecast
Mar,2024,6840,16436,-9596,26117,16720.78,9396.22,18993,Above Forecast
Mar,2024,6840,16436,-9596,26117,16720.78,9396.22,18993,Above Forecast
Mar,2024,6840,16436,-9596,26117,16720.78,9396.22,18993,Above Forecast
Mar,2024,6840,16436,-9596,26117,16720.78,9396.22,18993,Above Forecast
Mar,2024,6840,16436,-9596,26117,16720.78,9396.22,18993,Above Forecast
Mar,2024,6840,16436,-9596,26117,16720.78,9396.22,18993,Above Forecast
Mar,2024,6840,16436,-9596,26117,16720.78,9396.22,18993,Above Forecast
Mar,2024,6840,16436,-9596,26117,16720.78,9396.22,18993,Above Forecast
Mar,2024,6840,16436,-9596,26117,16720.78,9396.22,18993,Above Forecast
Apr,2024,22782,15443,7339,4306,16726.65,-12420.65,-19759,Below Forecast
Apr,2024,22782,15443,7339,4306,16726.65,-12420.65,-19759,Below Forecast
Apr,2024,22782,15443,7339,4306,16726.65,-12420.65,-19759,Below Forecast
Apr,2024,22782,15443,7339,4306,16726.65,-12420.65,-19759,Below Forecast
Apr,2024,22782,15443,7339,4306,16726.65,-12420.65,-19759,Below Forecast
Apr,2024,22782,15443,7339,4306,16726.65,-12420.65,-19759,Below Forecast
Apr,2024,22782,15443,7339,4306,16726.65,-12420.65,-19759,Below Forecast
Apr,2024,22782,15443,7339,4306,16726.65,-12420.65,-19759,Below Forecast
May,2024,4296,15823,-11527,20322,18021.87,2300.13,13827,Above Forecast
May,2024,4296,15823,-11527,20322,18021.87,2300.13,13827,Above Forecast
May,2024,4296,15823,-11527,20322,18021.87,2300.13,13827,Above Forecast
May,2024,4296,15823,-11527,20322,18021.87,2300.13,13827,Above Forecast
May,2024,4296,15823,-11527,20322,18021.87,2300.13,13827,Above Forecast
May,2024,4296,15823,-11527,20322,18021.87,2300.13,13827,Above Forecast
May,2024,4296,15823,-11527,20322,18021.87,2300.13,13827,Above Forecast
May,2024,4296,15823,-11527,20322,18021.87,2300.13,13827,Above Forecast
May,2024,4296,15823,-11527,20322,18021.87,2300.13,13827,Above Forecast
Jun,2024,13970,22554,-8584,7871,20070.77,-12199.77,-3616,Below Forecast
Jun,2024,13970,22554,-8584,7871,20070.77,-12199.77,-3616,Below Forecast
Jun,2024,13970,22554,-8584,7871,20070.77,-12199.77,-3616,Below Forecast
Jun,2024,13970,22554,-8584,7871,20070.77,-12199.77,-3616,Below Forecast
Jun,2024,13970,22554,-8584,7871,20070.77,-12199.77,-3616,Below Forecast
Jun,2024,13970,22554,-8584,7871,20070.77,-12199.77,-3616,Below Forecast
Jun,2024,13970,22554,-8584,7871,20070.77,-12199.77,-3616,Below Forecast
Jun,2024,13970,22554,-8584,7871,20070.77,-12199.77,-3616,Below Forecast
Jun,2024,13970,22554,-8584,7871,20070.77,-12199.77,-3616,Below Forecast
Jun,2024,13970,22554,-8584,7871,20070.77,-12199.77,-3616,Below Forecast
Jul,2024,19354,27716,-8362,8101,26122.96,-18021.96,-9660,Below Forecast
Jul,2024,19354,27716,-8362,8101,26122.96,-18021.96,-9660,Below Forecast
Jul,2024,19354,27716,-8362,8101,26122.96,-18021.96,-9660,Below Forecast
Jul,2024,19354,27716,-8362,8101,26122.96,-18021.96,-9660,Below Forecast
Jul,2024,19354,27716,-8362,8101,26122.96,-18021.96,-9660,Below Forecast
Jul,2024,19354,27716,-8362,8101,26122.96,-18021.96,-9660,Below Forecast
Jul,2024,19354,27716,-8362,8101,26122.96,-18021.96,-9660,Below Forecast
Jul,2024,19354,27716,-8362,8101,26122.96,-18021.96,-9660,Below Forecast
Jul,2024,19354,27716,-8362,8101,26122.96,-18021.96,-9660,Below Forecast
Aug,2024,6655,22934,-16279,8178,17372.59,-9194.59,7084,Above Forecast
Aug,2024,6655,22934,-16279,8178,17372.59,-9194.59,7084,Above Forecast
Aug,2024,6655,22934,-16279,8178,17372.59,-9194.59,7084,Above Forecast
Aug,2024,6655,22934,-16279,8178,17372.59,-9194.59,7084,Above Forecast
Aug,2024,6655,22934,-16279,8178,17372.59,-9194.59,7084,Above Forecast
Aug,2024,6655,22934,-16279,8178,17372.59,-9194.59,7084,Above Forecast
Aug,2024,6655,22934,-16279,8178,17372.59,-9194.59,7084,Above Forecast
Aug,2024,6655,22934,-16279,8178,17372.59,-9194.59,7084,Above Forecast
Aug,2024,6655,22934,-16279,8178,17372.59,-9194.59,7084,Above Forecast
Sep,2024,19948,19384,564,7926,25849.78,-17923.78,-18488,Below Forecast
Sep,2024,19948,19384,564,7926,25849.78,-17923.78,-18488,Below Forecast
Sep,2024,19948,19384,564,7926,25849.78,-17923.78,-18488,Below Forecast
Sep,2024,19948,19384,564,7926,25849.78,-17923.78,-18488,Below Forecast
Sep,2024,19948,19384,564,7926,25849.78,-17923.78,-18488,Below Forecast
Sep,2024,19948,19384,564,7926,25849.78,-17923.78,-18488,Below Forecast
Sep,2024,19948,19384,564,7926,25849.78,-17923.78,-18488,Below Forecast
Sep,2024,19948,19384,564,7926,25849.78,-17923.78,-18488,Below Forecast
Sep,2024,19948,19384,564,7926,25849.78,-17923.78,-18488,Below Forecast
Sep,2024,19948,19384,564,7926,25849.78,-17923.78,-18488,Below Forecast
Oct,2024,12974,22984,-10010,16717,14541.21,2175.79,12186,Above Forecast
Oct,2024,12974,22984,-10010,16717,14541.21,2175.79,12186,Above Forecast
Oct,2024,12974,22984,-10010,16717,14541.21,2175.79,12186,Above Forecast
Oct,2024,12974,22984,-10010,16717,14541.21,2175.79,12186,Above Forecast
Oct,2024,12974,22984,-10010,16717,14541.21,2175.79,12186,Above Forecast
Oct,2024,12974,22984,-10010,16717,14541.21,2175.79,12186,Above Forecast
Oct,2024,12974,22984,-10010,16717,14541.21,2175.79,12186,Above Forecast
Oct,2024,12974,22984,-10010,16717,14541.21,2175.79,12186,Above Forecast
Oct,2024,12974,22984,-10010,16717,14541.21,2175.79,12186,Above Forecast
Oct,2024,12974,22984,-10010,16717,14541.21,2175.79,12186,Above Forecast
Nov,2024,24139,23566,573,14240,22832.52,-8592.52,-9166,Below Forecast
Nov,2024,24139,23566,573,14240,22832.52,-8592.52,-9166,Below Forecast
Nov,2024,24139,23566,573,14240,22832.52,-8592.52,-9166,Below Forecast
Nov,2024,24139,23566,573,14240,22832.52,-8592.52,-9166,Below Forecast
Nov,2024,24139,23566,573,14240,22832.52,-8592.52,-9166,Below Forecast
Nov,2024,24139,23566,573,14240,22832.52,-8592.52,-9166,Below Forecast
Nov,2024,24139,23566,573,14240,22832.52,-8592.52,-9166,Below Forecast
Nov,2024,24139,23566,573,14240,22832.52,-8592.52,-9166,Below Forecast
Nov,2024,24139,23566,573,14240,22832.52,-8592.52,-9166,Below Forecast
Nov,2024,24139,23566,573,14240,22832.52,-8592.52,-9166,Below Forecast
Dec,2024,6530,10939,-4409,3601,20654.33,-17053.33,-12644,Below Forecast
Dec,2024,6530,10939,-4409,3601,20654.33,-17053.33,-12644,Below Forecast
Dec,2024,6530,10939,-4409,3601,20654.33,-17053.33,-12644,Below Forecast
Dec,2024,6530,10939,-4409,3601,20654.33,-17053.33,-12644,Below Forecast
Dec,2024,6530,10939,-4409,3601,20654.33,-17053.33,-12644,Below Forecast
Dec,2024,6530,10939,-4409,3601,20654.33,-17053.33,-12644,Below Forecast
Dec,2024,6530,10939,-4409,3601,20654.33,-17053.33,-12644,Below Forecast
Dec,2024,6530,10939,-4409,3601,20654.33,-17053.33,-12644,Below Forecast
Dec,2024,6530,10939,-4409,3601,20654.33,-17053.33,-12644,Below Forecast
,,,,,,,,,
,,,,,,,,,
,,,,,,,,,
,,,,,,,,,
,,,,,,,,,
,,,,,,,,,
,,,,,,,,,
,,,,,,,,,
,,,,,,,,,
,,,,,,,,,
,,,,,,,,,
,,,,,,,,,
,,,,,,,,,
